ZIP,USPS Default State for ZIP,County,ZIP Code Population
90001,CA,Los Angeles County,56403
90002,CA,Los Angeles County,52735
90003,CA,Los Angeles County,71708
90004,CA,Los Angeles County,58844
90005,CA,Los Angeles County,38747
90006,CA,Los Angeles County,55192
90007,CA,Los Angeles County,39253
90008,CA,Los Angeles County,33443
90009,CA,Los Angeles County,
90010,CA,Los Angeles County,4478
90011,CA,Los Angeles County,102784
90012,CA,Los Angeles County,37463
90013,CA,Los Angeles County,14891
90014,CA,Los Angeles County,9540
90015,CA,Los Angeles County,25257
90016,CA,Los Angeles County,46102
90017,CA,Los Angeles County,28981
90018,CA,Los Angeles County,48812
90019,CA,Los Angeles County,59288
90020,CA,Los Angeles County,38361
90021,CA,Los Angeles County,3152
90022,CA,Los Angeles County,61638
90023,CA,Los Angeles County,44608
90024,CA,Los Angeles County,50830
90025,CA,Los Angeles County,45238
90026,CA,Los Angeles County,62902
90027,CA,Los Angeles County,46049
90028,CA,Los Angeles County,31441
90029,CA,Los Angeles County,33830
90030,CA,Los Angeles County,
90031,CA,Los Angeles County,36881
90032,CA,Los Angeles County,43724
90033,CA,Los Angeles County,46540
90034,CA,Los Angeles County,55120
90035,CA,Los Angeles County,27851
90036,CA,Los Angeles County,38784
90037,CA,Los Angeles County,67895
90038,CA,Los Angeles County,27807
90039,CA,Los Angeles County,28572
90040,CA,Los Angeles County,11683
90041,CA,Los Angeles County,27351
90042,CA,Los Angeles County,58344
90043,CA,Los Angeles County,43548
90044,CA,Los Angeles County,95859
90045,CA,Los Angeles County,42352
90046,CA,Los Angeles County,48905
90047,CA,Los Angeles County,50925
90048,CA,Los Angeles County,20796
90049,CA,Los Angeles County,36735
90050,CA,Los Angeles County,
90051,CA,Los Angeles County,
90052,CA,Los Angeles County,0
90053,CA,Los Angeles County,
90054,CA,Los Angeles County,
90055,CA,Los Angeles County,
90056,CA,Los Angeles County,8908
90057,CA,Los Angeles County,45548
90058,CA,Los Angeles County,3409
90059,CA,Los Angeles County,38015
90060,CA,Los Angeles County,
90061,CA,Los Angeles County,28478
90062,CA,Los Angeles County,32110
90063,CA,Los Angeles County,50536
90064,CA,Los Angeles County,26494
90065,CA,Los Angeles County,45075
90066,CA,Los Angeles County,54975
90067,CA,Los Angeles County,3165
90068,CA,Los Angeles County,21569
90069,CA,Los Angeles County,20318
90070,CA,Los Angeles County,
90071,CA,Los Angeles County,304
90072,CA,Los Angeles County,
90073,CA,Los Angeles County,1053
90074,CA,Los Angeles County,
90075,CA,Los Angeles County,
90076,CA,Los Angeles County,
90077,CA,Los Angeles County,8158
90078,CA,Los Angeles County,
90079,CA,Los Angeles County,0
90081,CA,Los Angeles County,
90082,CA,Los Angeles County,
90083,CA,Los Angeles County,
90084,CA,Los Angeles County,
90086,CA,Los Angeles County,
90087,CA,Los Angeles County,
90089,CA,Los Angeles County,4777
90091,CA,Los Angeles County,
90093,CA,Los Angeles County,
90094,CA,Los Angeles County,12127
90095,CA,Los Angeles County,0
90099,CA,Los Angeles County,
90140,CA,Los Angeles County,
90201,CA,Los Angeles County,93783
90202,CA,Los Angeles County,
90205,CA,Los Angeles County,
90209,CA,Los Angeles County,
90210,CA,Los Angeles County,19652
90211,CA,Los Angeles County,8871
90212,CA,Los Angeles County,10834
90213,CA,Los Angeles County,
90220,CA,Los Angeles County,49156
90221,CA,Los Angeles County,50782
90222,CA,Los Angeles County,32173
90223,CA,Los Angeles County,
90224,CA,Los Angeles County,
90230,CA,Los Angeles County,31570
90231,CA,Los Angeles County,
90232,CA,Los Angeles County,16804
90239,CA,Los Angeles County,
90240,CA,Los Angeles County,25326
90241,CA,Los Angeles County,45484
90242,CA,Los Angeles County,40983
90245,CA,Los Angeles County,16863
90247,CA,Los Angeles County,47303
90248,CA,Los Angeles County,11144
90249,CA,Los Angeles County,25967
90250,CA,Los Angeles County,94991
90251,CA,Los Angeles County,
90254,CA,Los Angeles County,19248
90255,CA,Los Angeles County,70363
90260,CA,Los Angeles County,32379
90262,CA,Los Angeles County,64918
90263,CA,Los Angeles County,1895
90264,CA,Los Angeles County,
90265,CA,Los Angeles County,15914
90265,CA,Ventura County,15914
90266,CA,Los Angeles County,34584
90267,CA,Los Angeles County,
90270,CA,Los Angeles County,24522
90272,CA,Los Angeles County,21438
90274,CA,Los Angeles County,24988
90275,CA,Los Angeles County,41367
90277,CA,Los Angeles County,35391
90278,CA,Los Angeles County,42536
90280,CA,Los Angeles County,91719
90290,CA,Los Angeles County,5948
90291,CA,Los Angeles County,25738
90292,CA,Los Angeles County,23684
90293,CA,Los Angeles County,12784
90294,CA,Los Angeles County,
90295,CA,Los Angeles County,
90296,CA,Los Angeles County,
90301,CA,Los Angeles County,36428
90302,CA,Los Angeles County,28871
90303,CA,Los Angeles County,23169
90304,CA,Los Angeles County,26215
90305,CA,Los Angeles County,14612
90306,CA,Los Angeles County,
90307,CA,Los Angeles County,
90308,CA,Los Angeles County,
90309,CA,Los Angeles County,
90310,CA,Los Angeles County,
90401,CA,Los Angeles County,7925
90402,CA,Los Angeles County,11178
90403,CA,Los Angeles County,25087
90404,CA,Los Angeles County,22881
90405,CA,Los Angeles County,26809
90406,CA,Los Angeles County,
90408,CA,Los Angeles County,
90409,CA,Los Angeles County,
90501,CA,Los Angeles County,41319
90502,CA,Los Angeles County,18114
90503,CA,Los Angeles County,43764
90504,CA,Los Angeles County,33321
90505,CA,Los Angeles County,35605
90506,CA,Los Angeles County,0
90507,CA,Los Angeles County,
90508,CA,Los Angeles County,
90509,CA,Los Angeles County,
90510,CA,Los Angeles County,
90601,CA,Los Angeles County,30472
90602,CA,Los Angeles County,25823
90603,CA,Los Angeles County,20361
90604,CA,Los Angeles County,39378
90605,CA,Los Angeles County,39224
90606,CA,Los Angeles County,31881
90607,CA,Los Angeles County,
90608,CA,Los Angeles County,
90609,CA,Los Angeles County,
90610,CA,Los Angeles County,
90620,CA,Orange County,46992
90621,CA,Orange County,35735
90622,CA,Orange County,
90623,CA,Orange County,15369
90623,CA,Los Angeles County,15369
90624,CA,Orange County,
90630,CA,Orange County,49565
90630,CA,Los Angeles County,49565
90631,CA,Orange County,68615
90631,CA,Los Angeles County,68615
90632,CA,Orange County,
90633,CA,Orange County,
90637,CA,Los Angeles County,
90638,CA,Los Angeles County,45714
90638,CA,Orange County,45714
90639,CA,Los Angeles County,1714
90640,CA,Los Angeles County,61615
90650,CA,Los Angeles County,100808
90651,CA,Los Angeles County,
90652,CA,Los Angeles County,
90660,CA,Los Angeles County,60821
90661,CA,Los Angeles County,
90662,CA,Los Angeles County,
90670,CA,Los Angeles County,18255
90671,CA,Los Angeles County,
90680,CA,Orange County,31949
90701,CA,Los Angeles County,16044
90702,CA,Los Angeles County,
90703,CA,Los Angeles County,48607
90703,CA,Orange County,48607
90704,CA,Los Angeles County,3764
90706,CA,Los Angeles County,77396
90707,CA,Los Angeles County,
90710,CA,Los Angeles County,26777
90711,CA,Los Angeles County,
90712,CA,Los Angeles County,30672
90713,CA,Los Angeles County,28583
90714,CA,Los Angeles County,
90715,CA,Los Angeles County,20668
90716,CA,Los Angeles County,13743
90717,CA,Los Angeles County,21319
90720,CA,Orange County,24021
90721,CA,Orange County,
90723,CA,Los Angeles County,52546
90731,CA,Los Angeles County,62452
90732,CA,Los Angeles County,23104
90733,CA,Los Angeles County,
90734,CA,Los Angeles County,
90740,CA,Orange County,24382
90742,CA,Orange County,385
90743,CA,Orange County,478
90744,CA,Los Angeles County,53678
90745,CA,Los Angeles County,57952
90746,CA,Los Angeles County,27465
90747,CA,Los Angeles County,17
90748,CA,Los Angeles County,
90749,CA,Los Angeles County,
90755,CA,Los Angeles County,11654
90801,CA,Los Angeles County,
90802,CA,Los Angeles County,39859
90803,CA,Los Angeles County,31804
90804,CA,Los Angeles County,38306
90805,CA,Los Angeles County,94631
90806,CA,Los Angeles County,39972
90807,CA,Los Angeles County,33320
90808,CA,Los Angeles County,39351
90808,CA,Orange County,39351
90809,CA,Los Angeles County,
90810,CA,Los Angeles County,35648
90813,CA,Los Angeles County,51689
90814,CA,Los Angeles County,20676
90815,CA,Los Angeles County,43461
90815,CA,Orange County,43461
90822,CA,Los Angeles County,93
90831,CA,Los Angeles County,0
90832,CA,Los Angeles County,
90833,CA,Los Angeles County,
90840,CA,Los Angeles County,0
90844,CA,Los Angeles County,
90846,CA,Los Angeles County,
90853,CA,Los Angeles County,
90895,CA,Los Angeles County,
91001,CA,Los Angeles County,36402
91003,CA,Los Angeles County,
91006,CA,Los Angeles County,32106
91007,CA,Los Angeles County,33141
91008,CA,Los Angeles County,754
91009,CA,Los Angeles County,
91010,CA,Los Angeles County,27245
91011,CA,Los Angeles County,20094
91012,CA,Los Angeles County,
91016,CA,Los Angeles County,41710
91017,CA,Los Angeles County,
91020,CA,Los Angeles County,7265
91021,CA,Los Angeles County,
91023,CA,Los Angeles County,
91024,CA,Los Angeles County,11020
91025,CA,Los Angeles County,
91030,CA,Los Angeles County,26297
91031,CA,Los Angeles County,
91040,CA,Los Angeles County,21436
91041,CA,Los Angeles County,
91042,CA,Los Angeles County,27055
91043,CA,Los Angeles County,
91046,CA,Los Angeles County,142
91066,CA,Los Angeles County,
91077,CA,Los Angeles County,
91101,CA,Los Angeles County,20814
91102,CA,Los Angeles County,
91103,CA,Los Angeles County,24910
91104,CA,Los Angeles County,35595
91105,CA,Los Angeles County,12546
91106,CA,Los Angeles County,23217
91107,CA,Los Angeles County,32944
91108,CA,Los Angeles County,12464
91109,CA,Los Angeles County,
91114,CA,Los Angeles County,
91115,CA,Los Angeles County,
91116,CA,Los Angeles County,
91117,CA,Los Angeles County,
91118,CA,Los Angeles County,
91121,CA,Los Angeles County,
91123,CA,Los Angeles County,
91124,CA,Los Angeles County,
91125,CA,Los Angeles County,968
91126,CA,Los Angeles County,
91129,CA,Los Angeles County,
91182,CA,Los Angeles County,
91184,CA,Los Angeles County,
91185,CA,Los Angeles County,
91188,CA,Los Angeles County,
91189,CA,Los Angeles County,
91199,CA,Los Angeles County,
91201,CA,Los Angeles County,22261
91202,CA,Los Angeles County,22258
91203,CA,Los Angeles County,16482
91204,CA,Los Angeles County,18847
91205,CA,Los Angeles County,34890
91206,CA,Los Angeles County,32330
91207,CA,Los Angeles County,10626
91208,CA,Los Angeles County,15467
91209,CA,Los Angeles County,
91210,CA,Los Angeles County,334
91214,CA,Los Angeles County,31707
91221,CA,Los Angeles County,
91222,CA,Los Angeles County,
91224,CA,Los Angeles County,
91225,CA,Los Angeles County,
91226,CA,Los Angeles County,
91301,CA,Los Angeles County,24477
91302,CA,Los Angeles County,26205
91303,CA,Los Angeles County,29522
91304,CA,Los Angeles County,53794
91304,CA,Ventura County,53794
91305,CA,Los Angeles County,
91306,CA,Los Angeles County,48177
91307,CA,Los Angeles County,25823
91307,CA,Ventura County,25823
91308,CA,Los Angeles County,
91309,CA,Los Angeles County,
91310,CA,Los Angeles County,
91311,CA,Los Angeles County,40557
91311,CA,Ventura County,40557
91313,CA,Los Angeles County,
91316,CA,Los Angeles County,29246
91319,CA,Ventura County,
91320,CA,Ventura County,43628
91321,CA,Los Angeles County,32668
91322,CA,Los Angeles County,
91324,CA,Los Angeles County,29510
91325,CA,Los Angeles County,35116
91326,CA,Los Angeles County,37068
91327,CA,Los Angeles County,
91328,CA,Los Angeles County,
91330,CA,Los Angeles County,2591
91331,CA,Los Angeles County,98820
91333,CA,Los Angeles County,
91334,CA,Los Angeles County,
91335,CA,Los Angeles County,74802
91337,CA,Los Angeles County,
91340,CA,Los Angeles County,33750
91341,CA,Los Angeles County,
91342,CA,Los Angeles County,93513
91343,CA,Los Angeles County,61607
91344,CA,Los Angeles County,53248
91345,CA,Los Angeles County,18282
91346,CA,Los Angeles County,
91350,CA,Los Angeles County,43621
91351,CA,Los Angeles County,33553
91352,CA,Los Angeles County,46153
91353,CA,Los Angeles County,
91354,CA,Los Angeles County,33059
91355,CA,Los Angeles County,28777
91356,CA,Los Angeles County,30809
91357,CA,Los Angeles County,
91358,CA,Ventura County,
91359,CA,Ventura County,
91360,CA,Ventura County,42315
91361,CA,Ventura County,18728
91361,CA,Los Angeles County,18728
91362,CA,Ventura County,36205
91362,CA,Los Angeles County,36205
91364,CA,Los Angeles County,28662
91365,CA,Los Angeles County,
91367,CA,Los Angeles County,45427
91371,CA,Los Angeles County,0
91372,CA,Los Angeles County,
91376,CA,Los Angeles County,
91377,CA,Ventura County,13656
91380,CA,Los Angeles County,
91381,CA,Los Angeles County,21857
91382,CA,Los Angeles County,
91383,CA,Los Angeles County,
91384,CA,Los Angeles County,27278
91385,CA,Los Angeles County,
91386,CA,Los Angeles County,
91387,CA,Los Angeles County,46283
91390,CA,Los Angeles County,18722
91392,CA,Los Angeles County,
91393,CA,Los Angeles County,
91394,CA,Los Angeles County,
91395,CA,Los Angeles County,
91396,CA,Los Angeles County,
91401,CA,Los Angeles County,39011
91402,CA,Los Angeles County,66710
91403,CA,Los Angeles County,25566
91404,CA,Los Angeles County,
91405,CA,Los Angeles County,54887
91406,CA,Los Angeles County,52661
91407,CA,Los Angeles County,
91408,CA,Los Angeles County,
91409,CA,Los Angeles County,
91411,CA,Los Angeles County,23520
91412,CA,Los Angeles County,
91413,CA,Los Angeles County,
91416,CA,Los Angeles County,
91423,CA,Los Angeles County,32536
91426,CA,Los Angeles County,
91436,CA,Los Angeles County,16424
91470,CA,Los Angeles County,
91482,CA,Los Angeles County,
91499,CA,Los Angeles County,
91501,CA,Los Angeles County,19343
91502,CA,Los Angeles County,11732
91503,CA,Los Angeles County,
91504,CA,Los Angeles County,27268
91505,CA,Los Angeles County,31843
91506,CA,Los Angeles County,18773
91507,CA,Los Angeles County,
91508,CA,Los Angeles County,
91510,CA,Los Angeles County,
91521,CA,Los Angeles County,
91522,CA,Los Angeles County,
91523,CA,Los Angeles County,
91601,CA,Los Angeles County,37033
91602,CA,Los Angeles County,19760
91603,CA,Los Angeles County,
91604,CA,Los Angeles County,32118
91605,CA,Los Angeles County,52086
91606,CA,Los Angeles County,43202
91607,CA,Los Angeles County,30918
91608,CA,Los Angeles County,38
91609,CA,Los Angeles County,
91610,CA,Los Angeles County,
91614,CA,Los Angeles County,
91615,CA,Los Angeles County,
91617,CA,Los Angeles County,
91701,CA,San Bernardino County,38597
91702,CA,Los Angeles County,61766
91706,CA,Los Angeles County,71620
91708,CA,San Bernardino County,17308
91708,CA,Riverside County,17308
91709,CA,San Bernardino County,78200
91709,CA,Los Angeles County,78200
91710,CA,San Bernardino County,80186
91710,CA,Los Angeles County,80186
91711,CA,Los Angeles County,37538
91714,CA,Los Angeles County,
91715,CA,Los Angeles County,
91716,CA,Los Angeles County,
91722,CA,Los Angeles County,34087
91723,CA,Los Angeles County,18200
91724,CA,Los Angeles County,28113
91729,CA,San Bernardino County,
91730,CA,San Bernardino County,71692
91731,CA,Los Angeles County,28122
91732,CA,Los Angeles County,58056
91733,CA,Los Angeles County,41716
91734,CA,Los Angeles County,
91737,CA,San Bernardino County,22797
91739,CA,San Bernardino County,41722
91740,CA,Los Angeles County,26160
91741,CA,Los Angeles County,26166
91743,CA,San Bernardino County,
91744,CA,Los Angeles County,78253
91745,CA,Los Angeles County,54996
91746,CA,Los Angeles County,28256
91747,CA,Los Angeles County,
91748,CA,Los Angeles County,43137
91750,CA,Los Angeles County,33267
91752,CA,Riverside County,37551
91752,CA,San Bernardino County,37551
91754,CA,Los Angeles County,33176
91755,CA,Los Angeles County,26413
91756,CA,Los Angeles County,
91759,CA,San Bernardino County,290
91761,CA,San Bernardino County,62506
91761,CA,Riverside County,62506
91762,CA,San Bernardino County,63656
91762,CA,Riverside County,63656
91763,CA,San Bernardino County,37515
91764,CA,San Bernardino County,55412
91765,CA,Los Angeles County,44779
91766,CA,Los Angeles County,68673
91766,CA,San Bernardino County,68673
91767,CA,Los Angeles County,50308
91768,CA,Los Angeles County,34921
91769,CA,Los Angeles County,
91770,CA,Los Angeles County,58893
91771,CA,Los Angeles County,
91772,CA,Los Angeles County,
91773,CA,Los Angeles County,33917
91775,CA,Los Angeles County,23776
91776,CA,Los Angeles County,37769
91778,CA,Los Angeles County,
91780,CA,Los Angeles County,35136
91784,CA,San Bernardino County,26900
91785,CA,San Bernardino County,
91786,CA,San Bernardino County,55519
91786,CA,Los Angeles County,55519
91788,CA,Los Angeles County,
91789,CA,Los Angeles County,40933
91790,CA,Los Angeles County,44791
91791,CA,Los Angeles County,33321
91792,CA,Los Angeles County,30921
91793,CA,Los Angeles County,
91801,CA,Los Angeles County,53730
91802,CA,Los Angeles County,
91803,CA,Los Angeles County,27803
91804,CA,Los Angeles County,
91896,CA,Los Angeles County,
91899,CA,Los Angeles County,
91901,CA,San Diego County,18300
91902,CA,San Diego County,17445
91903,CA,San Diego County,
91905,CA,San Diego County,1466
91906,CA,San Diego County,3375
91908,CA,San Diego County,
91910,CA,San Diego County,77957
91911,CA,San Diego County,84619
91912,CA,San Diego County,
91913,CA,San Diego County,57067
91914,CA,San Diego County,17036
91915,CA,San Diego County,35385
91916,CA,San Diego County,1757
91917,CA,San Diego County,889
91921,CA,San Diego County,
91931,CA,San Diego County,735
91932,CA,San Diego County,25897
91933,CA,San Diego County,
91934,CA,San Diego County,1265
91935,CA,San Diego County,9466
91941,CA,San Diego County,33706
91942,CA,San Diego County,40920
91943,CA,San Diego County,
91944,CA,San Diego County,
91945,CA,San Diego County,27531
91946,CA,San Diego County,
91948,CA,San Diego County,123
91950,CA,San Diego County,57173
91951,CA,San Diego County,
91962,CA,San Diego County,2457
91963,CA,San Diego County,617
91976,CA,San Diego County,
91977,CA,San Diego County,62957
91978,CA,San Diego County,10511
91979,CA,San Diego County,
91980,CA,San Diego County,157
92003,CA,San Diego County,4978
92004,CA,San Diego County,3030
92007,CA,San Diego County,11764
92008,CA,San Diego County,27707
92009,CA,San Diego County,45778
92010,CA,San Diego County,17300
92011,CA,San Diego County,23715
92013,CA,San Diego County,
92014,CA,San Diego County,13260
92018,CA,San Diego County,
92019,CA,San Diego County,45801
92020,CA,San Diego County,58490
92021,CA,San Diego County,69306
92022,CA,San Diego County,
92023,CA,San Diego County,
92024,CA,San Diego County,50030
92025,CA,San Diego County,50046
92026,CA,San Diego County,53041
92027,CA,San Diego County,55232
92028,CA,San Diego County,50905
92028,CA,Riverside County,50905
92029,CA,San Diego County,20296
92030,CA,San Diego County,
92033,CA,San Diego County,
92036,CA,San Diego County,3128
92037,CA,San Diego County,39284
92038,CA,San Diego County,
92039,CA,San Diego County,
92040,CA,San Diego County,45978
92046,CA,San Diego County,
92049,CA,San Diego County,
92051,CA,San Diego County,
92052,CA,San Diego County,
92054,CA,San Diego County,37546
92055,CA,San Diego County,11181
92056,CA,San Diego County,53265
92057,CA,San Diego County,57994
92058,CA,San Diego County,49189
92059,CA,San Diego County,1449
92060,CA,San Diego County,591
92061,CA,San Diego County,1693
92064,CA,San Diego County,48555
92065,CA,San Diego County,37397
92066,CA,San Diego County,314
92067,CA,San Diego County,8245
92068,CA,San Diego County,
92069,CA,San Diego County,46825
92070,CA,San Diego County,749
92071,CA,San Diego County,59739
92072,CA,San Diego County,
92074,CA,San Diego County,
92075,CA,San Diego County,11996
92078,CA,San Diego County,53542
92079,CA,San Diego County,
92081,CA,San Diego County,29596
92082,CA,San Diego County,20596
92083,CA,San Diego County,37957
92084,CA,San Diego County,49533
92085,CA,San Diego County,
92086,CA,San Diego County,1410
92088,CA,San Diego County,
92091,CA,San Diego County,1215
92092,CA,San Diego County,985
92093,CA,San Diego County,4090
92096,CA,San Diego County,0
92101,CA,San Diego County,48163
92102,CA,San Diego County,39001
92103,CA,San Diego County,34817
92104,CA,San Diego County,46912
92105,CA,San Diego County,71284
92106,CA,San Diego County,20863
92107,CA,San Diego County,29789
92108,CA,San Diego County,24401
92109,CA,San Diego County,44456
92110,CA,San Diego County,31186
92111,CA,San Diego County,45888
92112,CA,San Diego County,
92113,CA,San Diego County,49047
92114,CA,San Diego County,64820
92115,CA,San Diego County,64011
92116,CA,San Diego County,31484
92117,CA,San Diego County,52645
92118,CA,San Diego County,18495
92119,CA,San Diego County,24868
92120,CA,San Diego County,31797
92121,CA,San Diego County,4157
92122,CA,San Diego County,45437
92123,CA,San Diego County,32999
92124,CA,San Diego County,31032
92126,CA,San Diego County,77239
92127,CA,San Diego County,50711
92128,CA,San Diego County,48492
92129,CA,San Diego County,53080
92130,CA,San Diego County,59768
92131,CA,San Diego County,35831
92132,CA,San Diego County,0
92134,CA,San Diego County,295
92135,CA,San Diego County,1013
92136,CA,San Diego County,8774
92137,CA,San Diego County,
92138,CA,San Diego County,
92139,CA,San Diego County,34780
92140,CA,San Diego County,2490
92142,CA,San Diego County,
92143,CA,San Diego County,
92145,CA,San Diego County,2583
92147,CA,San Diego County,172
92149,CA,San Diego County,
92150,CA,San Diego County,
92152,CA,San Diego County,
92153,CA,San Diego County,
92154,CA,San Diego County,82832
92155,CA,San Diego County,141
92158,CA,San Diego County,
92159,CA,San Diego County,
92160,CA,San Diego County,
92161,CA,San Diego County,24
92163,CA,San Diego County,
92165,CA,San Diego County,
92166,CA,San Diego County,
92167,CA,San Diego County,
92168,CA,San Diego County,
92169,CA,San Diego County,
92170,CA,San Diego County,
92171,CA,San Diego County,
92172,CA,San Diego County,
92173,CA,San Diego County,26507
92174,CA,San Diego County,
92175,CA,San Diego County,
92176,CA,San Diego County,
92177,CA,San Diego County,
92178,CA,San Diego County,
92179,CA,San Diego County,3034
92182,CA,San Diego County,0
92191,CA,San Diego County,
92192,CA,San Diego County,
92193,CA,San Diego County,
92195,CA,San Diego County,
92196,CA,San Diego County,
92197,CA,San Diego County,
92198,CA,San Diego County,
92199,CA,San Diego County,
92201,CA,Riverside County,66364
92202,CA,Riverside County,
92203,CA,Riverside County,33381
92210,CA,Riverside County,4830
92211,CA,Riverside County,27375
92220,CA,Riverside County,33428
92222,CA,Imperial County,0
92223,CA,Riverside County,62797
92223,CA,San Bernardino County,62797
92225,CA,Riverside County,21101
92225,CA,Imperial County,21101
92225,CA,San Bernardino County,21101
92226,CA,Riverside County,
92227,CA,Imperial County,28147
92230,CA,Riverside County,2105
92231,CA,Imperial County,38547
92232,CA,Imperial County,
92233,CA,Imperial County,6837
92234,CA,Riverside County,52047
92235,CA,Riverside County,
92236,CA,Riverside County,42884
92239,CA,Riverside County,167
92240,CA,Riverside County,40918
92241,CA,Riverside County,8624
92242,CA,San Bernardino County,1203
92243,CA,Imperial County,48556
92244,CA,Imperial County,
92247,CA,Riverside County,
92248,CA,Riverside County,
92249,CA,Imperial County,7308
92250,CA,Imperial County,7854
92251,CA,Imperial County,27197
92252,CA,San Bernardino County,7916
92253,CA,Riverside County,38281
92254,CA,Riverside County,10779
92255,CA,Riverside County,
92256,CA,San Bernardino County,3907
92257,CA,Imperial County,2185
92258,CA,Riverside County,508
92259,CA,Imperial County,237
92260,CA,Riverside County,30751
92261,CA,Riverside County,
92262,CA,Riverside County,26064
92263,CA,Riverside County,
92264,CA,Riverside County,20250
92266,CA,Imperial County,152
92267,CA,San Bernardino County,0
92268,CA,San Bernardino County,315
92270,CA,Riverside County,17375
92273,CA,Imperial County,1551
92274,CA,Riverside County,17909
92274,CA,Imperial County,17909
92275,CA,Imperial County,1410
92276,CA,Riverside County,7662
92277,CA,San Bernardino County,27742
92278,CA,San Bernardino County,3839
92280,CA,San Bernardino County,0
92281,CA,Imperial County,1904
92282,CA,Riverside County,1494
92283,CA,Imperial County,1795
92284,CA,San Bernardino County,25782
92285,CA,San Bernardino County,2914
92286,CA,San Bernardino County,
92301,CA,San Bernardino County,38651
92301,CA,Los Angeles County,38651
92304,CA,San Bernardino County,0
92305,CA,San Bernardino County,371
92307,CA,San Bernardino County,40666
92308,CA,San Bernardino County,42402
92309,CA,San Bernardino County,490
92310,CA,San Bernardino County,8791
92311,CA,San Bernardino County,33982
92312,CA,San Bernardino County,
92313,CA,San Bernardino County,13069
92313,CA,Riverside County,13069
92314,CA,San Bernardino County,10410
92315,CA,San Bernardino County,5215
92316,CA,San Bernardino County,31909
92317,CA,San Bernardino County,708
92318,CA,San Bernardino County,
92320,CA,Riverside County,10680
92320,CA,San Bernardino County,10680
92321,CA,San Bernardino County,828
92322,CA,San Bernardino County,605
92323,CA,San Bernardino County,
92324,CA,San Bernardino County,57049
92324,CA,Riverside County,57049
92325,CA,San Bernardino County,9689
92327,CA,San Bernardino County,706
92328,CA,Inyo County,872
92329,CA,San Bernardino County,
92331,CA,San Bernardino County,
92332,CA,San Bernardino County,106
92333,CA,San Bernardino County,403
92334,CA,San Bernardino County,
92335,CA,San Bernardino County,95295
92336,CA,San Bernardino County,103393
92337,CA,San Bernardino County,36944
92338,CA,San Bernardino County,0
92339,CA,San Bernardino County,1277
92340,CA,San Bernardino County,
92341,CA,San Bernardino County,299
92342,CA,San Bernardino County,6677
92344,CA,San Bernardino County,20671
92345,CA,San Bernardino County,87906
92346,CA,San Bernardino County,56956
92347,CA,San Bernardino County,630
92350,CA,San Bernardino County,394
92352,CA,San Bernardino County,6496
92354,CA,San Bernardino County,23076
92356,CA,San Bernardino County,6665
92357,CA,San Bernardino County,
92358,CA,San Bernardino County,712
92359,CA,San Bernardino County,9394
92363,CA,San Bernardino County,5392
92364,CA,San Bernardino County,15
92365,CA,San Bernardino County,2514
92366,CA,San Bernardino County,
92368,CA,San Bernardino County,925
92369,CA,San Bernardino County,3305
92371,CA,San Bernardino County,21678
92372,CA,San Bernardino County,4854
92373,CA,San Bernardino County,34816
92373,CA,Riverside County,34816
92374,CA,San Bernardino County,44287
92375,CA,San Bernardino County,
92376,CA,San Bernardino County,84161
92377,CA,San Bernardino County,21685
92378,CA,San Bernardino County,445
92382,CA,San Bernardino County,5301
92384,CA,Inyo County,18
92385,CA,San Bernardino County,186
92386,CA,San Bernardino County,2037
92389,CA,Inyo County,169
92391,CA,San Bernardino County,2192
92392,CA,San Bernardino County,64352
92393,CA,San Bernardino County,
92394,CA,San Bernardino County,39230
92395,CA,San Bernardino County,49323
92397,CA,San Bernardino County,5699
92397,CA,Los Angeles County,5699
92398,CA,San Bernardino County,1657
92399,CA,San Bernardino County,55029
92399,CA,Riverside County,55029
92401,CA,San Bernardino County,2283
92402,CA,San Bernardino County,
92403,CA,San Bernardino County,
92404,CA,San Bernardino County,63067
92405,CA,San Bernardino County,31207
92406,CA,San Bernardino County,
92407,CA,San Bernardino County,69191
92408,CA,San Bernardino County,13880
92410,CA,San Bernardino County,48286
92411,CA,San Bernardino County,27157
92413,CA,San Bernardino County,
92415,CA,San Bernardino County,0
92418,CA,San Bernardino County,
92423,CA,San Bernardino County,
92427,CA,San Bernardino County,
92501,CA,Riverside County,22079
92502,CA,Riverside County,
92503,CA,Riverside County,88242
92504,CA,Riverside County,57085
92505,CA,Riverside County,53063
92506,CA,Riverside County,44311
92507,CA,Riverside County,61920
92508,CA,Riverside County,36777
92509,CA,Riverside County,80149
92509,CA,San Bernardino County,80149
92513,CA,Riverside County,
92514,CA,Riverside County,
92516,CA,Riverside County,
92517,CA,Riverside County,
92518,CA,Riverside County,1236
92519,CA,Riverside County,
92521,CA,Riverside County,0
92522,CA,Riverside County,
92530,CA,Riverside County,60877
92531,CA,Riverside County,
92532,CA,Riverside County,27268
92536,CA,Riverside County,2749
92536,CA,San Diego County,2749
92539,CA,Riverside County,3480
92543,CA,Riverside County,39878
92544,CA,Riverside County,51694
92545,CA,Riverside County,45771
92546,CA,Riverside County,
92548,CA,Riverside County,6435
92549,CA,Riverside County,3823
92551,CA,Riverside County,36190
92552,CA,Riverside County,
92553,CA,Riverside County,73189
92555,CA,Riverside County,45751
92556,CA,Riverside County,
92557,CA,Riverside County,55749
92561,CA,Riverside County,1891
92562,CA,Riverside County,65116
92563,CA,Riverside County,77860
92564,CA,Riverside County,
92567,CA,Riverside County,10697
92570,CA,Riverside County,57336
92571,CA,Riverside County,60153
92572,CA,Riverside County,
92581,CA,Riverside County,
92582,CA,Riverside County,22732
92583,CA,Riverside County,33685
92584,CA,Riverside County,57551
92585,CA,Riverside County,29500
92586,CA,Riverside County,19391
92587,CA,Riverside County,18382
92589,CA,Riverside County,
92590,CA,Riverside County,5108
92590,CA,San Diego County,5108
92591,CA,Riverside County,41673
92592,CA,Riverside County,80933
92593,CA,Riverside County,
92595,CA,Riverside County,34505
92596,CA,Riverside County,36725
92599,CA,Riverside County,
92602,CA,Orange County,27358
92603,CA,Orange County,19264
92604,CA,Orange County,27750
92605,CA,Orange County,
92606,CA,Orange County,24499
92607,CA,Orange County,
92609,CA,Orange County,
92610,CA,Orange County,13182
92612,CA,Orange County,33706
92614,CA,Orange County,29617
92615,CA,Orange County,
92616,CA,Orange County,
92617,CA,Orange County,22172
92618,CA,Orange County,62296
92619,CA,Orange County,
92620,CA,Orange County,61744
92623,CA,Orange County,
92624,CA,Orange County,6685
92625,CA,Orange County,12328
92626,CA,Orange County,50569
92627,CA,Orange County,60751
92628,CA,Orange County,
92629,CA,Orange County,26198
92630,CA,Orange County,66461
92637,CA,Orange County,17342
92646,CA,Orange County,55814
92647,CA,Orange County,58794
92648,CA,Orange County,45521
92649,CA,Orange County,35504
92650,CA,Orange County,
92651,CA,Orange County,23477
92652,CA,Orange County,
92653,CA,Orange County,29596
92654,CA,Orange County,
92655,CA,Orange County,8101
92656,CA,Orange County,52645
92657,CA,Orange County,10224
92658,CA,Orange County,
92659,CA,Orange County,
92660,CA,Orange County,34788
92661,CA,Orange County,3095
92662,CA,Orange County,2285
92663,CA,Orange County,21584
92672,CA,Orange County,37470
92672,CA,San Diego County,37470
92673,CA,Orange County,29828
92674,CA,Orange County,
92675,CA,Orange County,34998
92676,CA,Orange County,1967
92677,CA,Orange County,64023
92678,CA,Orange County,668
92679,CA,Orange County,30966
92683,CA,Orange County,90140
92684,CA,Orange County,
92685,CA,Orange County,
92688,CA,Orange County,43937
92690,CA,Orange County,
92691,CA,Orange County,46618
92692,CA,Orange County,46568
92693,CA,Orange County,
92694,CA,Orange County,35019
92697,CA,Orange County,0
92698,CA,Orange County,
92701,CA,Orange County,48272
92702,CA,Orange County,
92703,CA,Orange County,62223
92704,CA,Orange County,80408
92705,CA,Orange County,48680
92706,CA,Orange County,37191
92707,CA,Orange County,59213
92708,CA,Orange County,56358
92711,CA,Orange County,
92728,CA,Orange County,
92735,CA,Orange County,
92780,CA,Orange County,54495
92781,CA,Orange County,
92782,CA,Orange County,29947
92799,CA,Orange County,
92801,CA,Orange County,61218
92802,CA,Orange County,43698
92803,CA,Orange County,
92804,CA,Orange County,83435
92805,CA,Orange County,74336
92806,CA,Orange County,40528
92807,CA,Orange County,37270
92808,CA,Orange County,20829
92809,CA,Orange County,
92811,CA,Orange County,
92812,CA,Orange County,
92814,CA,Orange County,
92815,CA,Orange County,
92816,CA,Orange County,
92817,CA,Orange County,
92821,CA,Orange County,42196
92822,CA,Orange County,
92823,CA,Orange County,5141
92825,CA,Orange County,
92831,CA,Orange County,35831
92832,CA,Orange County,26364
92833,CA,Orange County,52038
92834,CA,Orange County,
92835,CA,Orange County,26753
92836,CA,Orange County,
92837,CA,Orange County,
92838,CA,Orange County,
92840,CA,Orange County,54475
92841,CA,Orange County,33514
92842,CA,Orange County,
92843,CA,Orange County,46553
92844,CA,Orange County,22719
92845,CA,Orange County,15484
92846,CA,Orange County,
92856,CA,Orange County,
92857,CA,Orange County,
92859,CA,Orange County,
92860,CA,Riverside County,25268
92861,CA,Orange County,5776
92862,CA,Orange County,
92863,CA,Orange County,
92864,CA,Orange County,
92865,CA,Orange County,20897
92866,CA,Orange County,14776
92867,CA,Orange County,44003
92868,CA,Orange County,27390
92869,CA,Orange County,36684
92870,CA,Orange County,52384
92871,CA,Orange County,
92877,CA,Riverside County,
92878,CA,Riverside County,
92879,CA,Riverside County,48756
92880,CA,Riverside County,75453
92880,CA,San Bernardino County,75453
92881,CA,Riverside County,29986
92882,CA,Riverside County,69385
92883,CA,Riverside County,39071
92885,CA,Orange County,
92886,CA,Orange County,49919
92887,CA,Orange County,19985
92899,CA,Orange County,
93001,CA,Ventura County,31885
93002,CA,Ventura County,
93003,CA,Ventura County,52511
93004,CA,Ventura County,31326
93005,CA,Ventura County,
93006,CA,Ventura County,
93007,CA,Ventura County,
93009,CA,Ventura County,
93010,CA,Ventura County,46715
93011,CA,Ventura County,
93012,CA,Ventura County,36007
93013,CA,Santa Barbara County,16348
93013,CA,Ventura County,16348
93014,CA,Santa Barbara County,
93015,CA,Ventura County,18917
93016,CA,Ventura County,
93020,CA,Ventura County,
93021,CA,Ventura County,37702
93022,CA,Ventura County,5929
93023,CA,Ventura County,21559
93024,CA,Ventura County,
93030,CA,Ventura County,58573
93031,CA,Ventura County,
93032,CA,Ventura County,
93033,CA,Ventura County,80482
93034,CA,Ventura County,
93035,CA,Ventura County,26476
93036,CA,Ventura County,47938
93040,CA,Ventura County,1904
93041,CA,Ventura County,23179
93042,CA,Ventura County,107
93043,CA,Ventura County,549
93044,CA,Ventura County,
93060,CA,Ventura County,34640
93061,CA,Ventura County,
93062,CA,Ventura County,
93063,CA,Ventura County,56110
93063,CA,Los Angeles County,56110
93064,CA,Ventura County,0
93065,CA,Ventura County,72585
93066,CA,Ventura County,2979
93067,CA,Santa Barbara County,993
93094,CA,Ventura County,
93099,CA,Ventura County,
93101,CA,Santa Barbara County,30496
93102,CA,Santa Barbara County,
93103,CA,Santa Barbara County,19803
93105,CA,Santa Barbara County,25055
93106,CA,Santa Barbara County,5613
93108,CA,Santa Barbara County,11664
93109,CA,Santa Barbara County,11069
93110,CA,Santa Barbara County,16385
93111,CA,Santa Barbara County,18234
93116,CA,Santa Barbara County,
93117,CA,Santa Barbara County,52225
93118,CA,Santa Barbara County,
93120,CA,Santa Barbara County,
93121,CA,Santa Barbara County,
93130,CA,Santa Barbara County,
93140,CA,Santa Barbara County,
93150,CA,Santa Barbara County,
93160,CA,Santa Barbara County,
93190,CA,Santa Barbara County,
93199,CA,Santa Barbara County,
93201,CA,Tulare County,1146
93202,CA,Kings County,4014
93203,CA,Kern County,20571
93204,CA,Kings County,13441
93204,CA,Kern County,13441
93205,CA,Kern County,2191
93206,CA,Kern County,1953
93207,CA,Tulare County,247
93208,CA,Tulare County,175
93210,CA,Fresno County,18975
93210,CA,Monterey County,18975
93212,CA,Kings County,23407
93212,CA,Tulare County,23407
93215,CA,Kern County,53627
93215,CA,Tulare County,53627
93218,CA,Tulare County,779
93219,CA,Tulare County,9708
93219,CA,Kern County,9708
93220,CA,Kern County,0
93221,CA,Tulare County,14399
93222,CA,Kern County,2538
93223,CA,Tulare County,10359
93224,CA,Kern County,430
93225,CA,Kern County,4532
93225,CA,Ventura County,4532
93226,CA,Kern County,64
93227,CA,Tulare County,177
93230,CA,Kings County,69130
93230,CA,Tulare County,69130
93232,CA,Kings County,
93234,CA,Fresno County,6477
93235,CA,Tulare County,4408
93237,CA,Tulare County,89
93238,CA,Kern County,726
93239,CA,Kings County,1349
93240,CA,Kern County,5622
93241,CA,Kern County,15571
93242,CA,Fresno County,2611
93242,CA,Kings County,2611
93243,CA,Kern County,900
93243,CA,Los Angeles County,900
93244,CA,Tulare County,123
93245,CA,Kings County,37443
93246,CA,Kings County,1024
93247,CA,Tulare County,17967
93249,CA,Kern County,2164
93250,CA,Kern County,15451
93251,CA,Kern County,280
93252,CA,Kern County,1429
93252,CA,Santa Barbara County,1429
93252,CA,Ventura County,1429
93252,CA,San Luis Obispo County,1429
93254,CA,Santa Barbara County,794
93254,CA,San Luis Obispo County,794
93255,CA,Kern County,739
93256,CA,Tulare County,5900
93257,CA,Tulare County,79340
93258,CA,Tulare County,1241
93260,CA,Tulare County,151
93261,CA,Tulare County,2197
93262,CA,Tulare County,15
93263,CA,Kern County,23423
93265,CA,Tulare County,3532
93266,CA,Kings County,1672
93267,CA,Tulare County,5879
93268,CA,Kern County,16956
93270,CA,Tulare County,5703
93271,CA,Tulare County,2218
93272,CA,Tulare County,4359
93274,CA,Tulare County,79154
93274,CA,Kings County,79154
93275,CA,Tulare County,
93276,CA,Kern County,175
93277,CA,Tulare County,53406
93278,CA,Tulare County,
93279,CA,Tulare County,
93280,CA,Kern County,27266
93283,CA,Kern County,2129
93285,CA,Kern County,2415
93286,CA,Tulare County,10516
93287,CA,Kern County,134
93290,CA,Tulare County,
93291,CA,Tulare County,63049
93292,CA,Tulare County,45523
93301,CA,Kern County,14026
93302,CA,Kern County,
93303,CA,Kern County,
93304,CA,Kern County,51457
93305,CA,Kern County,36998
93306,CA,Kern County,73370
93307,CA,Kern County,88233
93308,CA,Kern County,55788
93309,CA,Kern County,63989
93311,CA,Kern County,52505
93312,CA,Kern County,58265
93313,CA,Kern County,60331
93314,CA,Kern County,34997
93380,CA,Kern County,
93384,CA,Kern County,
93385,CA,Kern County,
93386,CA,Kern County,
93387,CA,Kern County,
93388,CA,Kern County,
93389,CA,Kern County,
93390,CA,Kern County,
93401,CA,San Luis Obispo County,29995
93402,CA,San Luis Obispo County,15085
93403,CA,San Luis Obispo County,
93405,CA,San Luis Obispo County,23856
93406,CA,San Luis Obispo County,
93407,CA,San Luis Obispo County,348
93408,CA,San Luis Obispo County,8
93409,CA,San Luis Obispo County,2687
93410,CA,San Luis Obispo County,7038
93412,CA,San Luis Obispo County,
93420,CA,San Luis Obispo County,32016
93421,CA,San Luis Obispo County,
93422,CA,San Luis Obispo County,33512
93423,CA,San Luis Obispo County,
93424,CA,San Luis Obispo County,1026
93426,CA,San Luis Obispo County,1509
93426,CA,Monterey County,1509
93427,CA,Santa Barbara County,5866
93428,CA,San Luis Obispo County,6269
93429,CA,Santa Barbara County,129
93430,CA,San Luis Obispo County,3257
93432,CA,San Luis Obispo County,1229
93433,CA,San Luis Obispo County,12684
93434,CA,Santa Barbara County,8451
93435,CA,San Luis Obispo County,
93436,CA,Santa Barbara County,55834
93437,CA,Santa Barbara County,3688
93438,CA,Santa Barbara County,
93440,CA,Santa Barbara County,896
93441,CA,Santa Barbara County,990
93442,CA,San Luis Obispo County,11336
93443,CA,San Luis Obispo County,
93444,CA,San Luis Obispo County,21495
93445,CA,San Luis Obispo County,6812
93446,CA,San Luis Obispo County,45859
93447,CA,San Luis Obispo County,
93448,CA,San Luis Obispo County,
93449,CA,San Luis Obispo County,8024
93450,CA,Monterey County,740
93451,CA,San Luis Obispo County,5007
93451,CA,Monterey County,5007
93452,CA,San Luis Obispo County,301
93453,CA,San Luis Obispo County,2003
93454,CA,Santa Barbara County,41710
93454,CA,San Luis Obispo County,41710
93455,CA,Santa Barbara County,44350
93456,CA,Santa Barbara County,
93457,CA,Santa Barbara County,
93458,CA,Santa Barbara County,59126
93458,CA,San Luis Obispo County,59126
93460,CA,Santa Barbara County,6425
93461,CA,San Luis Obispo County,1353
93461,CA,Kern County,1353
93463,CA,Santa Barbara County,8099
93464,CA,Santa Barbara County,
93465,CA,San Luis Obispo County,10248
93475,CA,San Luis Obispo County,
93483,CA,San Luis Obispo County,
93501,CA,Kern County,5944
93502,CA,Kern County,
93504,CA,Kern County,
93505,CA,Kern County,14767
93510,CA,Los Angeles County,7562
93512,CA,Mono County,297
93513,CA,Inyo County,1525
93514,CA,Inyo County,14961
93514,CA,Mono County,14961
93515,CA,Inyo County,
93516,CA,Kern County,2742
93516,CA,San Bernardino County,2742
93517,CA,Mono County,513
93518,CA,Kern County,1115
93522,CA,Inyo County,74
93523,CA,Kern County,3681
93524,CA,Kern County,63
93526,CA,Inyo County,912
93527,CA,Kern County,1801
93527,CA,Tulare County,1801
93527,CA,Inyo County,1801
93528,CA,Kern County,77
93529,CA,Mono County,209
93530,CA,Inyo County,21
93531,CA,Kern County,497
93532,CA,Los Angeles County,2762
93534,CA,Los Angeles County,42290
93535,CA,Los Angeles County,80478
93536,CA,Los Angeles County,72013
93536,CA,Kern County,72013
93539,CA,Los Angeles County,
93541,CA,Mono County,889
93543,CA,Los Angeles County,12217
93544,CA,Los Angeles County,1201
93545,CA,Inyo County,1394
93546,CA,Mono County,8803
93546,CA,Inyo County,8803
93549,CA,Inyo County,244
93550,CA,Los Angeles County,79929
93551,CA,Los Angeles County,54956
93552,CA,Los Angeles County,43903
93553,CA,Los Angeles County,1349
93554,CA,Kern County,102
93555,CA,Kern County,33629
93555,CA,San Bernardino County,33629
93556,CA,Kern County,
93560,CA,Kern County,21537
93560,CA,Los Angeles County,21537
93561,CA,Kern County,31179
93562,CA,San Bernardino County,1822
93563,CA,Los Angeles County,218
93581,CA,Kern County,3447
93584,CA,Los Angeles County,
93586,CA,Los Angeles County,
93590,CA,Los Angeles County,
93591,CA,Los Angeles County,7531
93592,CA,San Bernardino County,
93599,CA,Los Angeles County,
93601,CA,Madera County,1248
93601,CA,Mariposa County,1248
93602,CA,Fresno County,3091
93602,CA,Madera County,3091
93603,CA,Tulare County,177
93603,CA,Fresno County,177
93604,CA,Madera County,518
93605,CA,Fresno County,83
93606,CA,Fresno County,1031
93608,CA,Fresno County,879
93609,CA,Fresno County,5071
93610,CA,Madera County,24088
93610,CA,Merced County,24088
93611,CA,Fresno County,46631
93612,CA,Fresno County,37790
93613,CA,Fresno County,
93614,CA,Madera County,11144
93615,CA,Tulare County,5665
93616,CA,Fresno County,2173
93618,CA,Tulare County,32223
93618,CA,Fresno County,32223
93619,CA,Fresno County,53381
93620,CA,Merced County,10173
93620,CA,Fresno County,10173
93620,CA,Madera County,10173
93621,CA,Fresno County,345
93622,CA,Fresno County,9683
93622,CA,Madera County,9683
93622,CA,Merced County,9683
93623,CA,Mariposa County,4
93624,CA,Fresno County,764
93625,CA,Fresno County,8889
93626,CA,Fresno County,3039
93626,CA,Madera County,3039
93627,CA,Fresno County,295
93628,CA,Fresno County,397
93630,CA,Fresno County,21352
93630,CA,Madera County,21352
93631,CA,Fresno County,16656
93631,CA,Tulare County,16656
93631,CA,Kings County,16656
93633,CA,Tulare County,32
93634,CA,Fresno County,25
93635,CA,Merced County,49232
93636,CA,Madera County,14777
93637,CA,Madera County,42278
93638,CA,Madera County,51502
93639,CA,Madera County,
93640,CA,Fresno County,14507
93641,CA,Fresno County,271
93641,CA,Tulare County,271
93642,CA,Fresno County,
93643,CA,Madera County,2778
93644,CA,Madera County,6490
93645,CA,Madera County,1082
93646,CA,Fresno County,10047
93646,CA,Tulare County,10047
93647,CA,Tulare County,11370
93647,CA,Fresno County,11370
93648,CA,Fresno County,15108
93649,CA,Fresno County,
93650,CA,Fresno County,2969
93651,CA,Fresno County,1441
93652,CA,Fresno County,314
93653,CA,Madera County,1314
93653,CA,Mariposa County,1314
93654,CA,Fresno County,31905
93654,CA,Tulare County,31905
93656,CA,Fresno County,6224
93656,CA,Kings County,6224
93657,CA,Fresno County,36536
93660,CA,Fresno County,4062
93661,CA,Merced County,
93662,CA,Fresno County,29499
93664,CA,Fresno County,328
93665,CA,Merced County,422
93666,CA,Tulare County,696
93667,CA,Fresno County,2118
93668,CA,Fresno County,806
93669,CA,Madera County,297
93670,CA,Tulare County,106
93673,CA,Tulare County,354
93675,CA,Fresno County,3739
93675,CA,Tulare County,3739
93701,CA,Fresno County,10258
93702,CA,Fresno County,45241
93703,CA,Fresno County,34166
93704,CA,Fresno County,29172
93705,CA,Fresno County,37940
93706,CA,Fresno County,40635
93707,CA,Fresno County,
93708,CA,Fresno County,
93709,CA,Fresno County,
93710,CA,Fresno County,32579
93711,CA,Fresno County,39360
93712,CA,Fresno County,
93714,CA,Fresno County,
93715,CA,Fresno County,
93716,CA,Fresno County,
93717,CA,Fresno County,
93718,CA,Fresno County,
93720,CA,Fresno County,49463
93720,CA,Madera County,49463
93721,CA,Fresno County,7606
93722,CA,Fresno County,84500
93723,CA,Fresno County,14158
93724,CA,Fresno County,
93725,CA,Fresno County,25520
93726,CA,Fresno County,44766
93727,CA,Fresno County,83630
93728,CA,Fresno County,18077
93729,CA,Fresno County,
93730,CA,Fresno County,13021
93737,CA,Fresno County,6360
93740,CA,Fresno County,1166
93741,CA,Fresno County,69
93744,CA,Fresno County,
93745,CA,Fresno County,
93747,CA,Fresno County,
93750,CA,Fresno County,
93755,CA,Fresno County,
93760,CA,Fresno County,
93761,CA,Fresno County,
93764,CA,Fresno County,
93765,CA,Fresno County,
93771,CA,Fresno County,
93772,CA,Fresno County,
93773,CA,Fresno County,
93774,CA,Fresno County,
93775,CA,Fresno County,
93776,CA,Fresno County,
93777,CA,Fresno County,
93778,CA,Fresno County,
93779,CA,Fresno County,
93786,CA,Fresno County,
93790,CA,Fresno County,
93791,CA,Fresno County,
93792,CA,Fresno County,
93793,CA,Fresno County,
93794,CA,Fresno County,
93844,CA,Fresno County,
93888,CA,Fresno County,
93901,CA,Monterey County,29480
93902,CA,Monterey County,
93905,CA,Monterey County,64596
93906,CA,Monterey County,64592
93907,CA,Monterey County,24922
93908,CA,Monterey County,12517
93912,CA,Monterey County,
93915,CA,Monterey County,
93920,CA,Monterey County,1564
93921,CA,Monterey County,2459
93922,CA,Monterey County,
93923,CA,Monterey County,12377
93924,CA,Monterey County,6046
93925,CA,Monterey County,1320
93925,CA,San Benito County,1320
93926,CA,Monterey County,8998
93927,CA,Monterey County,21131
93928,CA,Monterey County,1084
93930,CA,Monterey County,17124
93932,CA,Monterey County,431
93933,CA,Monterey County,27617
93940,CA,Monterey County,30951
93942,CA,Monterey County,
93943,CA,Monterey County,11
93944,CA,Monterey County,2719
93950,CA,Monterey County,15003
93953,CA,Monterey County,3576
93954,CA,Monterey County,269
93955,CA,Monterey County,32253
93960,CA,Monterey County,25736
93962,CA,Monterey County,189
94002,CA,San Mateo County,27730
94005,CA,San Mateo County,4718
94010,CA,San Mateo County,42794
94011,CA,San Mateo County,
94014,CA,San Mateo County,46269
94014,CA,San Francisco County,46269
94015,CA,San Mateo County,64121
94017,CA,San Mateo County,
94018,CA,San Mateo County,3404
94019,CA,San Mateo County,14754
94020,CA,San Mateo County,1745
94020,CA,Santa Clara County,1745
94021,CA,San Mateo County,332
94022,CA,Santa Clara County,19993
94023,CA,Santa Clara County,
94024,CA,Santa Clara County,23673
94025,CA,San Mateo County,40230
94026,CA,San Mateo County,
94027,CA,San Mateo County,7030
94028,CA,San Mateo County,6645
94028,CA,Santa Clara County,6645
94030,CA,San Mateo County,22589
94035,CA,Santa Clara County,
94037,CA,San Mateo County,2897
94038,CA,San Mateo County,3016
94039,CA,Santa Clara County,
94040,CA,Santa Clara County,35581
94041,CA,Santa Clara County,15841
94042,CA,Santa Clara County,
94043,CA,Santa Clara County,32042
94044,CA,San Mateo County,37540
94060,CA,San Mateo County,1389
94060,CA,Santa Cruz County,1389
94061,CA,San Mateo County,37369
94062,CA,San Mateo County,25944
94063,CA,San Mateo County,34695
94064,CA,San Mateo County,
94065,CA,San Mateo County,11620
94066,CA,San Mateo County,42875
94070,CA,San Mateo County,30696
94074,CA,San Mateo County,92
94080,CA,San Mateo County,65036
94083,CA,San Mateo County,
94085,CA,Santa Clara County,23159
94086,CA,Santa Clara County,48956
94087,CA,Santa Clara County,58126
94088,CA,Santa Clara County,
94089,CA,Santa Clara County,23214
94102,CA,San Francisco County,34983
94103,CA,San Francisco County,33524
94104,CA,San Francisco County,478
94105,CA,San Francisco County,14890
94107,CA,San Francisco County,30190
94108,CA,San Francisco County,11008
94109,CA,San Francisco County,54397
94110,CA,San Francisco County,66687
94111,CA,San Francisco County,4553
94112,CA,San Francisco County,80133
94112,CA,San Mateo County,80133
94114,CA,San Francisco County,33627
94115,CA,San Francisco County,32715
94116,CA,San Francisco County,42523
94117,CA,San Francisco County,37575
94118,CA,San Francisco County,39275
94119,CA,San Francisco County,
94121,CA,San Francisco County,42987
94122,CA,San Francisco County,57369
94123,CA,San Francisco County,24518
94124,CA,San Francisco County,36226
94125,CA,San Mateo County,
94126,CA,San Francisco County,
94127,CA,San Francisco County,20710
94128,CA,San Mateo County,0
94129,CA,San Francisco County,3808
94130,CA,San Francisco County,2829
94131,CA,San Francisco County,27809
94132,CA,San Francisco County,27406
94133,CA,San Francisco County,24753
94134,CA,San Francisco County,40142
94134,CA,San Mateo County,40142
94140,CA,San Francisco County,
94141,CA,San Francisco County,
94143,CA,San Francisco County,
94146,CA,San Francisco County,
94147,CA,San Francisco County,
94158,CA,San Francisco County,11206
94159,CA,San Francisco County,
94164,CA,San Francisco County,
94188,CA,San Francisco County,0
94301,CA,Santa Clara County,17126
94302,CA,Santa Clara County,
94303,CA,San Mateo County,47123
94303,CA,Santa Clara County,47123
94304,CA,Santa Clara County,4731
94305,CA,Santa Clara County,17912
94306,CA,Santa Clara County,27527
94309,CA,Santa Clara County,
94401,CA,San Mateo County,35628
94402,CA,San Mateo County,25498
94403,CA,San Mateo County,43459
94404,CA,San Mateo County,35950
94497,CA,San Mateo County,
94501,CA,Alameda County,63517
94502,CA,Alameda County,13359
94503,CA,Napa County,21852
94503,CA,Solano County,21852
94505,CA,Contra Costa County,15316
94505,CA,Alameda County,15316
94506,CA,Contra Costa County,27261
94507,CA,Contra Costa County,14546
94508,CA,Napa County,3298
94509,CA,Contra Costa County,71013
94510,CA,Solano County,26879
94511,CA,Contra Costa County,2144
94512,CA,Solano County,134
94513,CA,Contra Costa County,68160
94514,CA,Contra Costa County,2044
94514,CA,Alameda County,2044
94515,CA,Napa County,6921
94515,CA,Sonoma County,6921
94516,CA,Contra Costa County,208
94517,CA,Contra Costa County,12164
94518,CA,Contra Costa County,27743
94519,CA,Contra Costa County,19918
94520,CA,Contra Costa County,36767
94521,CA,Contra Costa County,41118
94522,CA,Contra Costa County,
94523,CA,Contra Costa County,34789
94524,CA,Contra Costa County,
94525,CA,Contra Costa County,3665
94526,CA,Contra Costa County,33085
94528,CA,Contra Costa County,1000
94530,CA,Contra Costa County,26229
94531,CA,Contra Costa County,44746
94533,CA,Solano County,78537
94534,CA,Solano County,41122
94534,CA,Napa County,41122
94535,CA,Solano County,3863
94536,CA,Alameda County,70707
94537,CA,Alameda County,
94538,CA,Alameda County,67704
94539,CA,Alameda County,52609
94540,CA,Alameda County,
94541,CA,Alameda County,67785
94542,CA,Alameda County,14729
94543,CA,Alameda County,
94544,CA,Alameda County,76739
94545,CA,Alameda County,33186
94546,CA,Alameda County,45848
94547,CA,Contra Costa County,26245
94548,CA,Contra Costa County,637
94549,CA,Contra Costa County,28247
94550,CA,Alameda County,49610
94550,CA,Santa Clara County,49610
94550,CA,Stanislaus County,49610
94551,CA,Alameda County,38739
94551,CA,Contra Costa County,38739
94552,CA,Alameda County,14359
94553,CA,Contra Costa County,48600
94555,CA,Alameda County,37500
94556,CA,Contra Costa County,15922
94557,CA,Alameda County,
94558,CA,Napa County,64552
94558,CA,Solano County,64552
94559,CA,Napa County,27828
94560,CA,Alameda County,47145
94561,CA,Contra Costa County,45386
94562,CA,Napa County,0
94563,CA,Contra Costa County,19409
94563,CA,Alameda County,19409
94564,CA,Contra Costa County,18835
94565,CA,Contra Costa County,99933
94566,CA,Alameda County,44782
94567,CA,Napa County,673
94568,CA,Alameda County,70542
94568,CA,Contra Costa County,70542
94569,CA,Contra Costa County,194
94570,CA,Contra Costa County,
94571,CA,Solano County,10973
94571,CA,Sacramento County,10973
94572,CA,Contra Costa County,8712
94573,CA,Napa County,81
94574,CA,Napa County,7646
94574,CA,Sonoma County,7646
94575,CA,Contra Costa County,1005
94576,CA,Napa County,130
94577,CA,Alameda County,47533
94578,CA,Alameda County,41567
94579,CA,Alameda County,19955
94580,CA,Alameda County,28866
94581,CA,Napa County,
94582,CA,Contra Costa County,47182
94583,CA,Contra Costa County,39418
94585,CA,Solano County,29290
94586,CA,Alameda County,1011
94587,CA,Alameda County,68141
94588,CA,Alameda County,34423
94588,CA,Contra Costa County,34423
94589,CA,Solano County,30199
94590,CA,Solano County,37401
94591,CA,Solano County,58516
94591,CA,Napa County,58516
94592,CA,Solano County,922
94595,CA,Contra Costa County,17051
94596,CA,Contra Costa County,23592
94597,CA,Contra Costa County,24235
94598,CA,Contra Costa County,26293
94599,CA,Napa County,3388
94601,CA,Alameda County,52289
94602,CA,Alameda County,31450
94603,CA,Alameda County,36440
94604,CA,Alameda County,
94605,CA,Alameda County,44168
94606,CA,Alameda County,38746
94607,CA,Alameda County,27891
94608,CA,Alameda County,33998
94609,CA,Alameda County,24854
94610,CA,Alameda County,32675
94611,CA,Alameda County,39240
94611,CA,Contra Costa County,39240
94612,CA,Alameda County,17663
94613,CA,Alameda County,529
94614,CA,Alameda County,
94615,CA,Alameda County,
94618,CA,Alameda County,16845
94619,CA,Alameda County,28044
94620,CA,Alameda County,
94621,CA,Alameda County,34658
94623,CA,Alameda County,
94624,CA,Alameda County,
94661,CA,Alameda County,
94662,CA,Alameda County,
94666,CA,Alameda County,
94701,CA,Alameda County,
94702,CA,Alameda County,17073
94703,CA,Alameda County,20874
94704,CA,Alameda County,24427
94705,CA,Alameda County,14149
94706,CA,Alameda County,20486
94706,CA,Contra Costa County,20486
94707,CA,Alameda County,12728
94707,CA,Contra Costa County,12728
94708,CA,Alameda County,11967
94708,CA,Contra Costa County,11967
94709,CA,Alameda County,12179
94710,CA,Alameda County,8144
94712,CA,Alameda County,
94720,CA,Alameda County,5649
94801,CA,Contra Costa County,33564
94802,CA,Contra Costa County,
94803,CA,Contra Costa County,27588
94804,CA,Contra Costa County,44679
94805,CA,Contra Costa County,15356
94806,CA,Contra Costa County,61749
94807,CA,Contra Costa County,
94820,CA,Contra Costa County,
94850,CA,Contra Costa County,
94901,CA,Marin County,41095
94903,CA,Marin County,31135
94904,CA,Marin County,13043
94912,CA,Marin County,
94913,CA,Marin County,
94914,CA,Marin County,
94915,CA,Marin County,
94920,CA,Marin County,12682
94922,CA,Sonoma County,312
94923,CA,Sonoma County,1457
94924,CA,Marin County,1217
94925,CA,Marin County,10101
94927,CA,Sonoma County,
94928,CA,Sonoma County,46463
94929,CA,Marin County,224
94930,CA,Marin County,8564
94931,CA,Sonoma County,9320
94933,CA,Marin County,1255
94937,CA,Marin County,916
94938,CA,Marin County,540
94939,CA,Marin County,7372
94940,CA,Marin County,275
94941,CA,Marin County,32349
94942,CA,Marin County,
94945,CA,Marin County,17280
94945,CA,Sonoma County,17280
94946,CA,Marin County,727
94947,CA,Marin County,24360
94948,CA,Marin County,
94949,CA,Marin County,18357
94950,CA,Marin County,29
94951,CA,Sonoma County,3628
94952,CA,Sonoma County,33339
94952,CA,Marin County,33339
94953,CA,Sonoma County,
94954,CA,Sonoma County,38000
94955,CA,Sonoma County,
94956,CA,Marin County,1158
94957,CA,Marin County,2151
94960,CA,Marin County,15891
94963,CA,Marin County,562
94964,CA,Marin County,2115
94965,CA,Marin County,12160
94966,CA,Marin County,
94970,CA,Marin County,372
94971,CA,Marin County,315
94972,CA,Sonoma County,153
94973,CA,Marin County,1652
94974,CA,Marin County,
94975,CA,Sonoma County,
94976,CA,Marin County,
94977,CA,Marin County,
94978,CA,Marin County,
94979,CA,Marin County,
94999,CA,Sonoma County,
95001,CA,Santa Cruz County,
95002,CA,Santa Clara County,1639
95003,CA,Santa Cruz County,24708
95004,CA,Monterey County,3917
95004,CA,San Benito County,3917
95005,CA,Santa Cruz County,7150
95006,CA,Santa Cruz County,8433
95007,CA,Santa Cruz County,335
95008,CA,Santa Clara County,48415
95009,CA,Santa Clara County,
95010,CA,Santa Cruz County,8697
95011,CA,Santa Clara County,
95012,CA,Monterey County,11147
95013,CA,Santa Clara County,42
95014,CA,Santa Clara County,61109
95015,CA,Santa Clara County,
95017,CA,Santa Cruz County,738
95018,CA,Santa Cruz County,6377
95019,CA,Santa Cruz County,6235
95020,CA,Santa Clara County,67945
95021,CA,Santa Clara County,
95023,CA,San Benito County,58374
95023,CA,Santa Clara County,58374
95024,CA,San Benito County,
95026,CA,Santa Clara County,
95030,CA,Santa Clara County,12969
95031,CA,Santa Clara County,
95032,CA,Santa Clara County,27682
95033,CA,Santa Cruz County,9884
95033,CA,Santa Clara County,9884
95035,CA,Santa Clara County,78479
95035,CA,Alameda County,78479
95036,CA,Santa Clara County,
95037,CA,Santa Clara County,51517
95038,CA,Santa Clara County,
95039,CA,Monterey County,1279
95041,CA,Santa Cruz County,846
95043,CA,San Benito County,673
95044,CA,Santa Clara County,
95045,CA,San Benito County,4291
95046,CA,Santa Clara County,6766
95050,CA,Santa Clara County,39827
95051,CA,Santa Clara County,61345
95052,CA,Santa Clara County,
95053,CA,Santa Clara County,3153
95054,CA,Santa Clara County,25196
95055,CA,Santa Clara County,
95056,CA,Santa Clara County,
95060,CA,Santa Cruz County,46024
95061,CA,Santa Cruz County,
95062,CA,Santa Cruz County,36047
95063,CA,Santa Cruz County,
95064,CA,Santa Cruz County,9883
95065,CA,Santa Cruz County,8031
95066,CA,Santa Cruz County,15369
95067,CA,Santa Cruz County,
95070,CA,Santa Clara County,31383
95071,CA,Santa Clara County,
95073,CA,Santa Cruz County,11487
95075,CA,San Benito County,575
95076,CA,Santa Cruz County,82409
95076,CA,Monterey County,82409
95076,CA,Santa Clara County,82409
95077,CA,Santa Cruz County,
95101,CA,Santa Clara County,
95103,CA,Santa Clara County,
95106,CA,Santa Clara County,
95108,CA,Santa Clara County,
95109,CA,Santa Clara County,
95110,CA,Santa Clara County,19444
95111,CA,Santa Clara County,58885
95112,CA,Santa Clara County,56766
95113,CA,Santa Clara County,2443
95116,CA,Santa Clara County,48816
95117,CA,Santa Clara County,27798
95118,CA,Santa Clara County,31831
95119,CA,Santa Clara County,10449
95120,CA,Santa Clara County,38103
95121,CA,Santa Clara County,35722
95122,CA,Santa Clara County,52206
95123,CA,Santa Clara County,70279
95124,CA,Santa Clara County,51991
95125,CA,Santa Clara County,53934
95126,CA,Santa Clara County,38239
95127,CA,Santa Clara County,61091
95128,CA,Santa Clara County,33585
95129,CA,Santa Clara County,40896
95130,CA,Santa Clara County,13491
95131,CA,Santa Clara County,30745
95132,CA,Santa Clara County,39605
95133,CA,Santa Clara County,28561
95134,CA,Santa Clara County,30255
95135,CA,Santa Clara County,20503
95136,CA,Santa Clara County,47157
95138,CA,Santa Clara County,19513
95139,CA,Santa Clara County,7113
95140,CA,Santa Clara County,41
95141,CA,Santa Clara County,
95148,CA,Santa Clara County,45392
95150,CA,Santa Clara County,
95151,CA,Santa Clara County,
95152,CA,Santa Clara County,
95153,CA,Santa Clara County,
95154,CA,Santa Clara County,
95155,CA,Santa Clara County,
95156,CA,Santa Clara County,
95157,CA,Santa Clara County,
95158,CA,Santa Clara County,
95159,CA,Santa Clara County,
95160,CA,Santa Clara County,
95161,CA,Santa Clara County,
95164,CA,Santa Clara County,
95170,CA,Santa Clara County,
95172,CA,Santa Clara County,
95173,CA,Santa Clara County,
95191,CA,Santa Clara County,
95192,CA,Santa Clara County,
95196,CA,Santa Clara County,
95201,CA,San Joaquin County,
95202,CA,San Joaquin County,6426
95203,CA,San Joaquin County,16628
95204,CA,San Joaquin County,31028
95205,CA,San Joaquin County,39154
95206,CA,San Joaquin County,67501
95207,CA,San Joaquin County,52441
95208,CA,San Joaquin County,
95209,CA,San Joaquin County,46567
95210,CA,San Joaquin County,42103
95211,CA,San Joaquin County,1190
95212,CA,San Joaquin County,28013
95213,CA,San Joaquin County,
95215,CA,San Joaquin County,26032
95219,CA,San Joaquin County,31200
95220,CA,San Joaquin County,7958
95221,CA,Calaveras County,164
95222,CA,Calaveras County,5666
95223,CA,Calaveras County,2934
95223,CA,Alpine County,2934
95224,CA,Calaveras County,265
95225,CA,Calaveras County,1224
95226,CA,Calaveras County,0
95227,CA,San Joaquin County,1036
95228,CA,Calaveras County,4880
95228,CA,Tuolumne County,4880
95229,CA,Calaveras County,
95230,CA,San Joaquin County,495
95230,CA,Stanislaus County,495
95230,CA,Calaveras County,495
95231,CA,San Joaquin County,4339
95232,CA,Calaveras County,151
95233,CA,Calaveras County,204
95234,CA,San Joaquin County,
95236,CA,San Joaquin County,4506
95236,CA,Calaveras County,4506
95237,CA,San Joaquin County,3753
95240,CA,San Joaquin County,50682
95241,CA,San Joaquin County,
95242,CA,San Joaquin County,27860
95245,CA,Calaveras County,3227
95246,CA,Calaveras County,1701
95247,CA,Calaveras County,3682
95248,CA,Calaveras County,66
95249,CA,Calaveras County,4696
95251,CA,Calaveras County,684
95252,CA,Calaveras County,13851
95253,CA,San Joaquin County,526
95254,CA,Calaveras County,316
95255,CA,Calaveras County,1755
95257,CA,Calaveras County,427
95258,CA,San Joaquin County,3868
95267,CA,San Joaquin County,
95269,CA,San Joaquin County,
95301,CA,Merced County,42374
95303,CA,Merced County,876
95304,CA,San Joaquin County,14818
95305,CA,Tuolumne County,203
95306,CA,Mariposa County,869
95307,CA,Stanislaus County,46209
95309,CA,Tuolumne County,0
95310,CA,Tuolumne County,1783
95311,CA,Mariposa County,2282
95311,CA,Tuolumne County,2282
95312,CA,Merced County,193
95313,CA,Stanislaus County,1114
95315,CA,Merced County,13006
95316,CA,Stanislaus County,7594
95316,CA,Merced County,7594
95317,CA,Merced County,936
95318,CA,Mariposa County,572
95319,CA,Stanislaus County,1580
95320,CA,San Joaquin County,13511
95321,CA,Tuolumne County,3870
95321,CA,Mariposa County,3870
95322,CA,Merced County,9013
95322,CA,Stanislaus County,9013
95323,CA,Stanislaus County,1409
95324,CA,Merced County,7862
95324,CA,Stanislaus County,7862
95325,CA,Mariposa County,0
95326,CA,Stanislaus County,10662
95327,CA,Tuolumne County,8799
95328,CA,Stanislaus County,3939
95329,CA,Tuolumne County,2339
95329,CA,Mariposa County,2339
95329,CA,Stanislaus County,2339
95330,CA,San Joaquin County,33015
95333,CA,Merced County,3203
95334,CA,Merced County,17198
95335,CA,Tuolumne County,82
95336,CA,San Joaquin County,49357
95337,CA,San Joaquin County,46157
95338,CA,Mariposa County,10164
95340,CA,Merced County,38045
95341,CA,Merced County,34956
95343,CA,Merced County,
95344,CA,Merced County,
95345,CA,Mariposa County,318
95346,CA,Tuolumne County,807
95347,CA,Tuolumne County,
95348,CA,Merced County,36663
95350,CA,Stanislaus County,55984
95351,CA,Stanislaus County,47232
95352,CA,Stanislaus County,
95353,CA,Stanislaus County,
95354,CA,Stanislaus County,26587
95355,CA,Stanislaus County,60470
95356,CA,Stanislaus County,33025
95357,CA,Stanislaus County,14283
95358,CA,Stanislaus County,30994
95360,CA,Stanislaus County,13690
95360,CA,Merced County,13690
95361,CA,Stanislaus County,35024
95361,CA,San Joaquin County,35024
95363,CA,Stanislaus County,30407
95364,CA,Tuolumne County,0
95365,CA,Merced County,4009
95366,CA,San Joaquin County,18440
95367,CA,Stanislaus County,25303
95367,CA,San Joaquin County,25303
95368,CA,Stanislaus County,14457
95369,CA,Merced County,802
95369,CA,Mariposa County,802
95370,CA,Tuolumne County,28373
95372,CA,Tuolumne County,1825
95373,CA,Tuolumne County,
95374,CA,Merced County,1652
95375,CA,Tuolumne County,65
95376,CA,San Joaquin County,54853
95377,CA,San Joaquin County,36182
95377,CA,Alameda County,36182
95378,CA,San Joaquin County,
95379,CA,Tuolumne County,3821
95380,CA,Stanislaus County,43731
95380,CA,Merced County,43731
95381,CA,Stanislaus County,
95382,CA,Stanislaus County,39320
95383,CA,Tuolumne County,3663
95385,CA,Stanislaus County,671
95385,CA,San Joaquin County,671
95386,CA,Stanislaus County,10410
95387,CA,Stanislaus County,1187
95388,CA,Merced County,13005
95389,CA,Mariposa County,2067
95391,CA,San Joaquin County,25193
95391,CA,Alameda County,25193
95397,CA,Stanislaus County,
95401,CA,Sonoma County,36842
95402,CA,Sonoma County,
95403,CA,Sonoma County,45570
95404,CA,Sonoma County,37317
95405,CA,Sonoma County,22811
95406,CA,Sonoma County,
95407,CA,Sonoma County,42135
95409,CA,Sonoma County,25960
95410,CA,Mendocino County,642
95412,CA,Sonoma County,227
95415,CA,Mendocino County,1296
95416,CA,Sonoma County,
95417,CA,Mendocino County,208
95418,CA,Mendocino County,
95419,CA,Sonoma County,160
95420,CA,Mendocino County,349
95421,CA,Sonoma County,1453
95422,CA,Lake County,17101
95423,CA,Lake County,3432
95424,CA,Lake County,
95425,CA,Sonoma County,11410
95426,CA,Lake County,1265
95427,CA,Mendocino County,609
95428,CA,Mendocino County,2667
95429,CA,Mendocino County,108
95430,CA,Sonoma County,0
95431,CA,Sonoma County,47
95432,CA,Mendocino County,771
95433,CA,Sonoma County,
95435,CA,Lake County,340
95436,CA,Sonoma County,5999
95437,CA,Mendocino County,15106
95439,CA,Sonoma County,708
95441,CA,Sonoma County,1842
95442,CA,Sonoma County,2986
95443,CA,Lake County,70
95444,CA,Sonoma County,748
95445,CA,Mendocino County,2102
95445,CA,Sonoma County,2102
95446,CA,Sonoma County,4808
95448,CA,Sonoma County,15868
95449,CA,Mendocino County,1828
95450,CA,Sonoma County,215
95451,CA,Lake County,12793
95452,CA,Sonoma County,1388
95453,CA,Lake County,11888
95454,CA,Mendocino County,1676
95456,CA,Mendocino County,965
95457,CA,Lake County,3036
95458,CA,Lake County,3365
95459,CA,Mendocino County,718
95460,CA,Mendocino County,2144
95461,CA,Lake County,3720
95461,CA,Napa County,3720
95461,CA,Sonoma County,3720
95462,CA,Sonoma County,1122
95463,CA,Mendocino County,14
95464,CA,Lake County,2417
95465,CA,Sonoma County,1154
95466,CA,Mendocino County,582
95467,CA,Lake County,5721
95468,CA,Mendocino County,1992
95469,CA,Mendocino County,1503
95469,CA,Lake County,1503
95470,CA,Mendocino County,6122
95471,CA,Sonoma County,604
95472,CA,Sonoma County,28588
95473,CA,Sonoma County,
95476,CA,Sonoma County,35139
95476,CA,Napa County,35139
95480,CA,Sonoma County,9
95481,CA,Mendocino County,
95482,CA,Mendocino County,33396
95485,CA,Lake County,2900
95486,CA,Sonoma County,15
95487,CA,Sonoma County,
95488,CA,Mendocino County,309
95490,CA,Mendocino County,14627
95492,CA,Sonoma County,27455
95493,CA,Lake County,91
95494,CA,Mendocino County,169
95497,CA,Sonoma County,1200
95501,CA,Humboldt County,22972
95502,CA,Humboldt County,
95503,CA,Humboldt County,24442
95511,CA,Humboldt County,77
95514,CA,Humboldt County,81
95518,CA,Humboldt County,
95519,CA,Humboldt County,18792
95521,CA,Humboldt County,21684
95524,CA,Humboldt County,1770
95525,CA,Humboldt County,1443
95526,CA,Humboldt County,887
95526,CA,Trinity County,887
95527,CA,Trinity County,708
95528,CA,Humboldt County,1415
95531,CA,Del Norte County,22491
95532,CA,Del Norte County,
95534,CA,Humboldt County,
95536,CA,Humboldt County,3360
95537,CA,Humboldt County,512
95538,CA,Del Norte County,1065
95540,CA,Humboldt County,14641
95542,CA,Humboldt County,2831
95542,CA,Mendocino County,2831
95542,CA,Trinity County,2831
95543,CA,Del Norte County,401
95545,CA,Humboldt County,335
95546,CA,Humboldt County,2436
95547,CA,Humboldt County,1144
95548,CA,Del Norte County,934
95549,CA,Humboldt County,1090
95550,CA,Humboldt County,206
95551,CA,Humboldt County,1870
95552,CA,Trinity County,433
95553,CA,Humboldt County,734
95554,CA,Humboldt County,352
95555,CA,Humboldt County,349
95556,CA,Humboldt County,854
95558,CA,Humboldt County,244
95559,CA,Humboldt County,0
95560,CA,Humboldt County,1350
95562,CA,Humboldt County,3384
95563,CA,Trinity County,584
95564,CA,Humboldt County,477
95565,CA,Humboldt County,891
95567,CA,Del Norte County,2349
95568,CA,Siskiyou County,201
95568,CA,Humboldt County,201
95569,CA,Humboldt County,190
95570,CA,Humboldt County,2480
95571,CA,Humboldt County,112
95573,CA,Humboldt County,990
95585,CA,Mendocino County,598
95587,CA,Humboldt County,0
95587,CA,Mendocino County,0
95589,CA,Humboldt County,1467
95589,CA,Mendocino County,1467
95595,CA,Trinity County,307
95601,CA,Amador County,358
95602,CA,Placer County,19248
95602,CA,Nevada County,19248
95603,CA,Placer County,28195
95604,CA,Placer County,24
95605,CA,Yolo County,14711
95606,CA,Yolo County,230
95607,CA,Yolo County,271
95608,CA,Sacramento County,63052
95609,CA,Sacramento County,
95610,CA,Sacramento County,46759
95611,CA,Sacramento County,
95612,CA,Yolo County,1519
95613,CA,El Dorado County,0
95614,CA,El Dorado County,4504
95615,CA,Sacramento County,978
95615,CA,Yolo County,978
95616,CA,Yolo County,51863
95616,CA,Solano County,51863
95617,CA,Yolo County,
95618,CA,Yolo County,27007
95618,CA,Solano County,27007
95619,CA,El Dorado County,6362
95620,CA,Solano County,22367
95620,CA,Yolo County,22367
95621,CA,Sacramento County,41747
95623,CA,El Dorado County,4725
95624,CA,Sacramento County,68036
95625,CA,Solano County,248
95626,CA,Sacramento County,4974
95626,CA,Placer County,4974
95626,CA,Sutter County,4974
95627,CA,Yolo County,3935
95628,CA,Sacramento County,43783
95629,CA,Amador County,1047
95629,CA,El Dorado County,1047
95630,CA,Sacramento County,77952
95631,CA,Placer County,6934
95632,CA,Sacramento County,31889
95632,CA,San Joaquin County,31889
95633,CA,El Dorado County,2653
95634,CA,El Dorado County,3792
95635,CA,El Dorado County,1424
95636,CA,El Dorado County,1387
95637,CA,Yolo County,374
95638,CA,Sacramento County,2295
95639,CA,Sacramento County,286
95640,CA,Amador County,12811
95641,CA,Sacramento County,2086
95642,CA,Amador County,7350
95645,CA,Sutter County,1363
95645,CA,Colusa County,1363
95645,CA,Yolo County,1363
95646,CA,Amador County,406
95648,CA,Placer County,56597
95650,CA,Placer County,13314
95651,CA,El Dorado County,623
95652,CA,Sacramento County,1665
95653,CA,Yolo County,682
95654,CA,Amador County,
95655,CA,Sacramento County,5029
95656,CA,El Dorado County,
95658,CA,Placer County,6197
95659,CA,Sutter County,673
95660,CA,Sacramento County,35668
95661,CA,Placer County,32599
95662,CA,Sacramento County,31895
95663,CA,Placer County,3126
95664,CA,El Dorado County,1261
95665,CA,Amador County,4903
95666,CA,Amador County,6089
95666,CA,El Dorado County,6089
95667,CA,El Dorado County,36286
95668,CA,Sutter County,540
95668,CA,Placer County,540
95669,CA,Amador County,2359
95670,CA,Sacramento County,59314
95671,CA,Sacramento County,4188
95672,CA,El Dorado County,5630
95673,CA,Sacramento County,16935
95674,CA,Sutter County,992
95675,CA,Amador County,345
95676,CA,Sutter County,91
95677,CA,Placer County,28873
95678,CA,Placer County,45744
95678,CA,Sacramento County,45744
95679,CA,Yolo County,113
95680,CA,Sacramento County,10
95681,CA,Placer County,1525
95682,CA,El Dorado County,29249
95683,CA,Sacramento County,6128
95684,CA,El Dorado County,2637
95685,CA,Amador County,4611
95686,CA,San Joaquin County,1123
95687,CA,Solano County,69741
95688,CA,Solano County,39216
95689,CA,Amador County,1065
95690,CA,Sacramento County,1793
95690,CA,Solano County,1793
95690,CA,San Joaquin County,1793
95691,CA,Yolo County,39894
95692,CA,Yuba County,4966
95692,CA,Sutter County,4966
95693,CA,Sacramento County,7623
95694,CA,Yolo County,10156
95694,CA,Solano County,10156
95695,CA,Yolo County,38787
95696,CA,Solano County,
95697,CA,Yolo County,264
95698,CA,Yolo County,255
95699,CA,Amador County,86
95701,CA,Placer County,1077
95703,CA,Placer County,2099
95709,CA,El Dorado County,5844
95712,CA,Nevada County,
95713,CA,Placer County,10471
95714,CA,Placer County,383
95715,CA,Placer County,85
95717,CA,Placer County,111
95720,CA,El Dorado County,52
95721,CA,El Dorado County,0
95722,CA,Placer County,4439
95724,CA,Nevada County,
95726,CA,El Dorado County,8229
95728,CA,Nevada County,593
95728,CA,Placer County,593
95735,CA,El Dorado County,54
95736,CA,Placer County,187
95741,CA,Sacramento County,
95742,CA,Sacramento County,16287
95746,CA,Placer County,22549
95747,CA,Placer County,78987
95757,CA,Sacramento County,54535
95758,CA,Sacramento County,65999
95759,CA,Sacramento County,
95762,CA,El Dorado County,47262
95763,CA,Sacramento County,
95765,CA,Placer County,43225
95776,CA,Yolo County,27189
95798,CA,Yolo County,
95799,CA,Yolo County,
95811,CA,Sacramento County,8487
95812,CA,Sacramento County,
95813,CA,Sacramento County,
95814,CA,Sacramento County,12355
95815,CA,Sacramento County,26511
95816,CA,Sacramento County,19079
95817,CA,Sacramento County,14123
95818,CA,Sacramento County,22798
95819,CA,Sacramento County,20173
95820,CA,Sacramento County,35359
95821,CA,Sacramento County,38372
95822,CA,Sacramento County,46269
95823,CA,Sacramento County,83254
95824,CA,Sacramento County,32432
95825,CA,Sacramento County,37077
95826,CA,Sacramento County,40500
95827,CA,Sacramento County,21032
95828,CA,Sacramento County,60532
95829,CA,Sacramento County,31370
95830,CA,Sacramento County,592
95831,CA,Sacramento County,44366
95832,CA,Sacramento County,12973
95833,CA,Sacramento County,40205
95834,CA,Sacramento County,35062
95835,CA,Sacramento County,41678
95836,CA,Sutter County,
95837,CA,Sacramento County,263
95837,CA,Sutter County,263
95838,CA,Sacramento County,40295
95840,CA,Sacramento County,
95841,CA,Sacramento County,21232
95842,CA,Sacramento County,35031
95843,CA,Sacramento County,48321
95851,CA,Sacramento County,
95852,CA,Sacramento County,
95853,CA,Sacramento County,
95860,CA,Sacramento County,
95864,CA,Sacramento County,25137
95865,CA,Sacramento County,
95866,CA,Sacramento County,
95867,CA,Sacramento County,
95894,CA,Sacramento County,
95901,CA,Yuba County,36807
95901,CA,Butte County,36807
95903,CA,Yuba County,2072
95910,CA,Sierra County,35
95912,CA,Colusa County,5048
95912,CA,Yolo County,5048
95913,CA,Glenn County,266
95914,CA,Butte County,459
95914,CA,Yuba County,459
95915,CA,Plumas County,0
95916,CA,Butte County,765
95917,CA,Butte County,3561
95918,CA,Yuba County,1842
95919,CA,Yuba County,1110
95920,CA,Glenn County,171
95922,CA,Yuba County,495
95922,CA,Sierra County,495
95923,CA,Plumas County,60
95924,CA,Nevada County,
95925,CA,Yuba County,219
95926,CA,Butte County,42143
95927,CA,Butte County,
95928,CA,Butte County,37533
95929,CA,Butte County,0
95930,CA,Butte County,412
95930,CA,Yuba County,412
95932,CA,Colusa County,7672
95934,CA,Plumas County,57
95935,CA,Yuba County,564
95936,CA,Sierra County,191
95937,CA,Yolo County,996
95938,CA,Butte County,4327
95939,CA,Glenn County,323
95939,CA,Colusa County,323
95940,CA,Butte County,
95941,CA,Butte County,342
95941,CA,Yuba County,342
95942,CA,Butte County,2190
95943,CA,Glenn County,536
95944,CA,Sierra County,91
95945,CA,Nevada County,27675
95946,CA,Nevada County,9448
95947,CA,Plumas County,1105
95948,CA,Butte County,11118
95948,CA,Sutter County,11118
95949,CA,Nevada County,20709
95950,CA,Colusa County,452
95951,CA,Glenn County,2743
95953,CA,Sutter County,10945
95954,CA,Butte County,8488
95955,CA,Colusa County,1311
95956,CA,Plumas County,486
95957,CA,Sutter County,770
95957,CA,Colusa County,770
95958,CA,Butte County,0
95959,CA,Nevada County,18017
95960,CA,Nevada County,568
95960,CA,Sierra County,568
95960,CA,Yuba County,568
95961,CA,Yuba County,33439
95962,CA,Yuba County,1136
95963,CA,Glenn County,16483
95963,CA,Tehama County,16483
95965,CA,Butte County,20854
95966,CA,Butte County,29335
95966,CA,Yuba County,29335
95967,CA,Butte County,
95968,CA,Butte County,1346
95969,CA,Butte County,7804
95970,CA,Glenn County,494
95970,CA,Colusa County,494
95971,CA,Plumas County,6288
95972,CA,Yuba County,0
95973,CA,Butte County,37977
95973,CA,Tehama County,37977
95974,CA,Butte County,93
95975,CA,Nevada County,1615
95976,CA,Butte County,
95977,CA,Nevada County,1738
95977,CA,Yuba County,1738
95978,CA,Butte County,283
95979,CA,Colusa County,475
95980,CA,Plumas County,
95981,CA,Yuba County,60
95981,CA,Plumas County,60
95982,CA,Sutter County,2971
95983,CA,Plumas County,360
95984,CA,Plumas County,209
95986,CA,Nevada County,110
95987,CA,Colusa County,6489
95988,CA,Glenn County,9060
95988,CA,Colusa County,9060
95991,CA,Sutter County,42490
95992,CA,Sutter County,
95993,CA,Sutter County,38957
96001,CA,Shasta County,34109
96002,CA,Shasta County,34023
96003,CA,Shasta County,44068
96006,CA,Modoc County,513
96007,CA,Shasta County,25009
96007,CA,Tehama County,25009
96008,CA,Shasta County,1086
96009,CA,Lassen County,380
96010,CA,Trinity County,119
96011,CA,Shasta County,157
96013,CA,Shasta County,3929
96014,CA,Siskiyou County,285
96015,CA,Modoc County,523
96016,CA,Shasta County,297
96017,CA,Shasta County,132
96019,CA,Shasta County,10413
96020,CA,Plumas County,2404
96021,CA,Tehama County,15076
96022,CA,Tehama County,16497
96022,CA,Shasta County,16497
96023,CA,Siskiyou County,1128
96024,CA,Trinity County,1029
96025,CA,Siskiyou County,2150
96025,CA,Shasta County,2150
96027,CA,Siskiyou County,1872
96028,CA,Shasta County,1667
96029,CA,Tehama County,117
96031,CA,Siskiyou County,70
96032,CA,Siskiyou County,2629
96033,CA,Shasta County,245
96034,CA,Siskiyou County,325
96035,CA,Tehama County,3968
96037,CA,Siskiyou County,131
96038,CA,Siskiyou County,399
96039,CA,Siskiyou County,647
96040,CA,Shasta County,88
96041,CA,Trinity County,3413
96044,CA,Siskiyou County,1181
96046,CA,Trinity County,410
96047,CA,Shasta County,857
96048,CA,Trinity County,1197
96049,CA,Shasta County,
96050,CA,Siskiyou County,369
96051,CA,Shasta County,885
96052,CA,Trinity County,2817
96054,CA,Modoc County,242
96055,CA,Tehama County,3404
96056,CA,Shasta County,1535
96056,CA,Lassen County,1535
96056,CA,Modoc County,1535
96057,CA,Siskiyou County,1076
96058,CA,Siskiyou County,706
96059,CA,Tehama County,731
96059,CA,Shasta County,731
96061,CA,Tehama County,38
96062,CA,Shasta County,1074
96063,CA,Tehama County,107
96064,CA,Siskiyou County,4696
96065,CA,Shasta County,346
96067,CA,Siskiyou County,7800
96068,CA,Lassen County,152
96069,CA,Shasta County,1371
96071,CA,Shasta County,17
96073,CA,Shasta County,5633
96074,CA,Tehama County,225
96075,CA,Tehama County,330
96076,CA,Trinity County,140
96076,CA,Shasta County,140
96076,CA,Tehama County,140
96078,CA,Tehama County,95
96080,CA,Tehama County,31149
96084,CA,Shasta County,760
96085,CA,Siskiyou County,65
96086,CA,Siskiyou County,307
96087,CA,Shasta County,819
96088,CA,Shasta County,4552
96089,CA,Shasta County,
96090,CA,Tehama County,395
96091,CA,Trinity County,761
96092,CA,Tehama County,511
96093,CA,Trinity County,3626
96094,CA,Siskiyou County,6674
96095,CA,Shasta County,
96096,CA,Shasta County,717
96097,CA,Siskiyou County,10220
96099,CA,Shasta County,
96101,CA,Modoc County,4868
96103,CA,Plumas County,1301
96104,CA,Modoc County,883
96105,CA,Plumas County,493
96106,CA,Plumas County,359
96107,CA,Mono County,668
96108,CA,Modoc County,103
96109,CA,Lassen County,1182
96110,CA,Modoc County,82
96111,CA,Nevada County,22
96112,CA,Modoc County,172
96113,CA,Lassen County,2310
96114,CA,Lassen County,2797
96114,CA,Plumas County,2797
96115,CA,Modoc County,109
96116,CA,Modoc County,0
96117,CA,Lassen County,249
96118,CA,Sierra County,1492
96119,CA,Lassen County,28
96120,CA,Alpine County,1273
96121,CA,Lassen County,169
96122,CA,Plumas County,4492
96123,CA,Lassen County,77
96124,CA,Sierra County,253
96125,CA,Sierra County,226
96126,CA,Sierra County,233
96127,CA,Lassen County,
96128,CA,Lassen County,642
96129,CA,Plumas County,411
96130,CA,Lassen County,20892
96132,CA,Lassen County,17
96133,CA,Mono County,242
96134,CA,Modoc County,2347
96134,CA,Siskiyou County,2347
96135,CA,Plumas County,114
96136,CA,Lassen County,74
96137,CA,Plumas County,2717
96137,CA,Lassen County,2717
96140,CA,Placer County,1099
96141,CA,Placer County,621
96141,CA,El Dorado County,621
96142,CA,El Dorado County,821
96142,CA,Placer County,821
96143,CA,Placer County,2852
96145,CA,Placer County,3291
96146,CA,Placer County,1120
96148,CA,Placer County,462
96150,CA,El Dorado County,29527
96151,CA,El Dorado County,
96155,CA,El Dorado County,0
96158,CA,El Dorado County,
96160,CA,Nevada County,
96161,CA,Nevada County,19231
96161,CA,Placer County,19231
96162,CA,Nevada County,